use laravel;

INSERT INTO `motoristas` (`id`, `nome`, `telefone`, `id_unidade`) VALUES
(1, 'Joaquim da Silva', '(99)99999-9999', '1'),
(2, 'Vanderlei', '(99)99999-9999', '1'),
(3, 'Wesley Teste', '(99)99999-9999', '1'),
(4, 'João Souza', '(99)99999-9999', '1'),
(5, 'Gilmar de Almeida', '(99)99999-9999', '1'),
(6, 'Maria Doe', '(99)99999-9999', '1'),
(7, 'Cesar da Costa', '(99)99999-9999', '1');

INSERT INTO `veiculos` (`id`, `descricao`, `placa`, `lotacao`, `tipo`, `ano_modelo`, `marca_modelo`, `id_unidade`) VALUES
(1, 'Gol', 'XXX0001', 5, 'PROPRIO', '2013/2014', 'VW/Novo', '1'),
(2, 'Van', 'XXX0002', 15, 'PROPRIO', '2013/2014', 'Microonibus', '1'),
(3, 'Ambulancia 1', 'XXX0003', 9, 'PROPRIO', '2014', 'Fiat/Ducato', '1'),
(4, 'Ambulancia 2', 'XXX0004', 3, 'PROPRIO', '2009/2010', 'Fiat/Doblo', '1'),
(5, 'Ambulancia 3', 'XXX0000', 3, 'PROPRIO', '2009/2010', 'Fiat/Doblo', '1');

INSERT INTO `pacientes` (`nome`, `rg`, `sus`, `codigo_municipio`, `id_unidade`, `telefone`, `endereco`) VALUES
('Adérito Themes',3024286114,5403036024,4040,1,'(99)99999-9900','Rua Abílio Coito'),
('Alarico Vila-Chã',276444434,1954697327,4040,1,'(99)99999-9901','Rua Adélio Dantas'),
('Alexandra Maciel',2968801572,5742438354,4040,1,'(99)99999-9902','Rua Adérito Amorim'),
('Alfredo Carvalheira',3906874327,9092926137,4040,1,'(99)99999-9903','Rua Aida Boga'),
('Alípio Tibiriçá',764778849,8746178198,4040,1,'(99)99999-9904','Rua Aluísio Junqueira'),
('Andreia Serralheiro',6533188744,8906809333,4040,1,'(99)99999-9905','Rua Amália Alcantara'),
('André Maior',5325040649,2310304518,4040,1,'(99)99999-9906','Rua Amália Ferro'),
('Angélico Durán',5862457780,4017732443,4040,1,'(99)99999-9907','Rua Armando Félix'),
('Anselmo Silveira',1027948277,3045926654,4040,1,'(99)99999-9908','Rua Arminda Assis'),
('Armindo Amorim',9266739048,830349152,4040,1,'(99)99999-9909','Rua Artur Pegado'),
('Augusta Albernaz',8271243723,4393048113,4040,1,'(99)99999-9910','Rua Aurélia Monteiro'),
('Bartira Alancastre',5194889998,6242587984,4040,1,'(99)99999-9911','Rua Beatriz Silveira dos Açores'),
('Beatriz Coito',8375919719,6330970032,4040,1,'(99)99999-9912','Rua Benedita Sotomayor'),
('Belchior Gouveia',4808509912,8146025869,4040,1,'(99)99999-9913','Rua Bernardete Braga'),
('Belmifer Silvestre',1717788956,8086625316,4040,1,'(99)99999-9914','Rua Branca Chaves'),
('Belmiro Covinha',5576425928,9888105980,4040,1,'(99)99999-9915','Rua Caetano Capucho'),
('Benedito Loio',375148014,1733668487,4040,1,'(99)99999-9916','Rua Celso Bello'),
('Borrás Reino',2322072428,9827118975,4040,1,'(99)99999-9917','Rua Celso Soto Mayor'),
('Bruno Aveiro',6706893586,5277332120,4040,1,'(99)99999-9918','Rua Claudemiro Valadão'),
('Carina Pereira',7731497660,1674009153,4040,1,'(99)99999-9919','Rua Clementina Zagalo'),
('Carla Leal',1417077719,8676514891,4040,1,'(99)99999-9920','Rua Cândida Anlicoara'),
('Carmem Barata',820988865,2843750302,4040,1,'(99)99999-9921','Rua Célia Jácome'),
('Cleiton Gouvêa',2927607698,2009331357,4040,1,'(99)99999-9922','Rua Célia Muniz'),
('Cleusa Inácio',5476255168,1307589056,4040,1,'(99)99999-9923','Rua Célia Rabelo'),
('Daniel Alves',2692146472,9758424392,4040,1,'(99)99999-9924','Rua César Vidigal'),
('Daniela Lobo',8992030124,8563073913,4040,1,'(99)99999-9925','Rua Dirceu Camillo'),
('Diana Saldanha',9207564452,2723882435,4040,1,'(99)99999-9926','Rua Dulce Figueroa'),
('Domingas Capistrano',6463893076,498825310,4040,1,'(99)99999-9927','Rua Elias Imperial'),
('Donato Barroso',6090804802,3598900149,4040,1,'(99)99999-9928','Rua Emiliana Baranda'),
('Dora Morera',4872491161,4489517185,4040,1,'(99)99999-9929','Rua Esmeralda Araripe'),
('Dorindo Vidal',5122719186,9141820084,4040,1,'(99)99999-9930','Rua Eurico Acuña'),
('Elisabete Correa',9282602985,3856104321,4040,1,'(99)99999-9931','Rua Filipe Peralta'),
('Eloi Mesquita',5821512051,7347635231,4040,1,'(99)99999-9932','Rua Fátima Candal'),
('Enilda Núñez',4759243194,9453918181,4040,1,'(99)99999-9933','Rua Félix Bogado'),
('Epaminondas Monte',6769285028,5824626151,4040,1,'(99)99999-9934','Rua Ginéculo Thomé'),
('Evandro Gusmão',3900009583,2610918609,4040,1,'(99)99999-9935','Rua Godinho ou Godim Telinhos'),
('Fabíola Hurtado',626358186,8010791301,4040,1,'(99)99999-9936','Rua Guadalupe Sarabia'),
('Ferdinando Athayde',9750775369,9872602745,4040,1,'(99)99999-9937','Rua Gualdim Fragoso'),
('Ferdinando Tupinambá',2990912215,1967747219,4040,1,'(99)99999-9938','Rua Gueda Velásquez'),
('Fernanda Cortez',7503223406,5128469485,4040,1,'(99)99999-9939','Rua Gui SantAnna'),
('Filomena Assis',1565127627,6112300101,4040,1,'(99)99999-9940','Rua Guiomar Castilhos'),
('Flamínia Azeredo',4630018659,418098469,4040,1,'(99)99999-9941','Rua Hermenegildo Ruas'),
('Gabriel López',6585556579,4980753639,4040,1,'(99)99999-9942','Rua Hermígio Abreu'),
('Gastão Lago',2980666083,4326910357,4040,1,'(99)99999-9943','Rua Honório Mesquita'),
('Gaudêncio Coello',3162471238,1614970935,4040,1,'(99)99999-9944','Rua Hugo Gouvêa'),
('Giovana Pessoa',3242191590,3142371855,4040,1,'(99)99999-9945','Rua Irene Dinis'),
('Guadalupe Pasos',3968587083,4024713685,4040,1,'(99)99999-9946','Rua Isabel Tibiriçá'),
('Humberto Caminha',479657667,4858176401,4040,1,'(99)99999-9947','Rua Isadora Bello'),
('Jaci Salomón',1635669715,656681880,4040,1,'(99)99999-9948','Rua Isadora Pereira'),
('Jacinta Couto',4461110145,8494260996,4040,1,'(99)99999-9949','Rua Iuri Fernandes'),
('Jacinta Rosmaninho',7558791220,7497316849,4040,1,'(99)99999-9950','Rua Jadir Cotegipe'),
('Jacir Brites',5538507421,1198337517,4040,1,'(99)99999-9951','Rua Jadir Dutra'),
('Josefa Barbosa',880862996,270934239,4040,1,'(99)99999-9952','Rua Jordão Figueiroa'),
('Julieta Matoso',4403953493,5491259397,4040,1,'(99)99999-9953','Rua Juçara Gusmão'),
('Leonir Carlos',8280559495,9213539932,4040,1,'(99)99999-9954','Rua Júlia Marinho'),
('Letícia Bernardes',1420846131,6983455593,4040,1,'(99)99999-9955','Rua Júlia Ourique'),
('Liana Lira',5206149620,5158462397,4040,1,'(99)99999-9956','Rua Liana Azenha'),
('Maiara Mariz',1883974801,9104751060,4040,1,'(99)99999-9957','Rua Lua Vidal'),
('Mateus Laranjeira',2656990019,4339745178,4040,1,'(99)99999-9958','Rua Lucrécia Novalles'),
('Maura Antas',3338409314,1815940464,4040,1,'(99)99999-9959','Rua Lucílio Rosario'),
('Micaela Onofre',78694255,262557717,4040,1,'(99)99999-9960','Rua Lívia Galante'),
('Moema Roriz',8585048946,2845189709,4040,1,'(99)99999-9961','Rua Magali Carvalhais'),
('Murici Pontes',684043180,2678324085,4040,1,'(99)99999-9962','Rua Marcela Hipólito'),
('Máximo Murici',4501408002,7757347172,4040,1,'(99)99999-9963','Rua Marisa Valladares'),
('Napoleão Brandán',863074737,2306422148,4040,1,'(99)99999-9964','Rua Márcia Aires'),
('Neusa Coimbra',9782942413,3741376289,4040,1,'(99)99999-9965','Rua Mónica Festas'),
('Noêmia Moutinho',8200798026,682628510,4040,1,'(99)99999-9966','Rua Natacha Guerrero'),
('Palmira Duarte',6031808514,824416463,4040,1,'(99)99999-9967','Rua Nelson Liberato'),
('Paraguaçu Patrício',3948406210,7966334912,4040,1,'(99)99999-9968','Rua Noémia Alencastre'),
('Pascoal Sequera',1600349064,4066940825,4040,1,'(99)99999-9969','Rua Nádia Seixas'),
('Plínio Lozada',1176620433,1543093504,4040,1,'(99)99999-9970','Rua Olívio Castilho'),
('Quirina Teixeira',3812840479,7179000774,4040,1,'(99)99999-9971','Rua Ondina Vilarim'),
('Raul Monteiro',9326919238,7678782805,4040,1,'(99)99999-9972','Rua Orestes Queirós'),
('Remo Silvera',9806346680,1876460065,4040,1,'(99)99999-9973','Rua Plácido Perdigão'),
('Rosália Farias',413986483,1228744004,4040,1,'(99)99999-9974','Rua Querubina Castellano'),
('Ruca Thomé',8142134079,1593169923,4040,1,'(99)99999-9975','Rua Querubina Jaguaribe'),
('Sancho Laranjeira',2513578882,9434118012,4040,1,'(99)99999-9976','Rua Quitério Sampaio'),
('Serafina Correa',3443798212,3656143561,4040,1,'(99)99999-9977','Rua Rafaela Serralheiro'),
('Silvana Cayado',536050043,1674384311,4040,1,'(99)99999-9978','Rua Raoni Carvalhoso'),
('Simeão Guedez',6890756715,527903647,4040,1,'(99)99999-9979','Rua Raoni César'),
('Sérgio Santarém',2052056756,2854147558,4040,1,'(99)99999-9980','Rua Raul Lameiras'),
('Sílvio Duarte',4835673058,5673254039,4040,1,'(99)99999-9981','Rua Samuel Lage'),
('Tarrataca Sanches',734463861,2178704442,4040,1,'(99)99999-9982','Rua Sancha Franca'),
('Telmo Velásquez',1107275260,1405397927,4040,1,'(99)99999-9983','Rua Simone Marmou'),
('Tália Cordeiro',1290641508,3025463791,4040,1,'(99)99999-9984','Rua Sónia Camillo'),
('Tânia Figueiró',7923254224,1450978664,4040,1,'(99)99999-9985','Rua Tainá Lobato'),
('Valdeci Alvarenga',3833344485,5334157083,4040,1,'(99)99999-9986','Rua Tainá Nobre'),
('Veridiana Vianna',9097468638,373282172,4040,1,'(99)99999-9987','Rua Tália Prudente'),
('Violeta Melgaço',4860638504,6119532718,4040,1,'(99)99999-9988','Rua Udo Sintra'),
('Virgília Mendoza',2948083228,2345339539,4040,1,'(99)99999-9989','Rua Valério Caiapó'),
('Xerxes Motta',9237261003,6809607870,4040,1,'(99)99999-9990','Rua Veridiano Cuaresma'),
('Xênia Lozada',831477409,182982316,4040,1,'(99)99999-9991','Rua Verónica Blanco'),
('Zeferino Rico',8330756138,7054917919,4040,1,'(99)99999-9992','Rua Violeta Quinteiro'),
('Zenaide Martínez',4740268182,2065753041,4040,1,'(99)99999-9993','Rua Xavier Capanema'),
('Zoe Alburquerque',1768121720,9228739992,4040,1,'(99)99999-9994','Rua Zita Barros'),
('Zoe Pena',7017849128,9577004442,4040,1,'(99)99999-9995','Rua Zoraide Prada'),
('Élvio Vilaverde',5671176446,5385706971,4040,1,'(99)99999-9996','Rua Zuleica Assunção'),
('Énia Inês',2250945641,1284138339,4040,1,'(99)99999-9997','Rua Ângela Granja'),
('Ítala Raminhos',3888858697,6722494567,4040,1,'(99)99999-9998','Rua Érico Barcellos'),
('Ítalo Sintra',3045772854,3483182752,4040,1,'(99)99999-9999','Rua Óscar Garcia');

INSERT INTO viagens (id, id_unidade, id_veiculo, id_motorista, cod_destino, data_viagem, hora_saida, observacao, status) VALUES
(1, 1, 1, 1, 4050, '2020-04-02', '08:00:00', 'Buscar testes da água', 'CONCLUIDA'),
(2, 1, 2, 3, 4039, '2020-04-04', '08:00:00', 'Entregar documentação', 'CONCLUIDA'),
(3, 1, 1, 5, 4027, '2020-04-04', '08:00:00', 'Trocar pneu', 'CONCLUIDA'),
(4, 1, 3, 7, 4090, '2020-04-15', '08:00:00', 'Boa viagem', 'CONCLUIDA'),
(5, 1, 5, 2, 4276, '2020-04-20', '08:00:00', null, 'CONCLUIDA'),
(6, 1, 1, 3, 4050, '2020-01-20', '08:00:00', null, 'CONCLUIDA'),
(7, 1, 3, 1, 4210, '2020-05-01', '08:00:00', null, 'CONCLUIDA'),
(8, 1, 3, 5, 4227, '2020-05-04', '08:00:00', null, 'CONCLUIDA'),
(9, 1, 3, 4, 4091, '2020-05-05', '08:00:00', null, 'CONCLUIDA'),
(10, 1, 5, 2, 4276, '2020-05-06', '08:00:00', null, 'CONCLUIDA'),
(11, 1, 2, 3, 4050, '2020-05-30', '08:00:00', null, 'EXPORTADA'),
(12, 1, 5, 2, 4276, '2020-05-24', '08:00:00', null, 'EXPORTADA'),
(13, 1, 4, 5, 4018, '2020-03-20', '08:00:00', null, 'CONCLUIDA'),
(14, 1, 5, 5, 4015, '2020-03-24', '08:00:00', null, 'CONCLUIDA'),
(15, 1, 1, 2, 4087, '2020-03-07', '08:00:00', null, 'CONCLUIDA'),
(16, 1, 2, 5, 4210, '2020-02-20', '08:00:00', null, 'CONCLUIDA'),
(17, 1, 2, 4, 4050, '2020-02-23', '08:00:00', null, 'CONCLUIDA'),
(18, 1, 3, 2, 4276, '2020-02-27', '08:00:00', null, 'CONCLUIDA'),
(19, 1, 2, 5, 4210, '2020-06-20', '08:00:00', null, 'NOVA'),
(20, 1, 2, 4, 4050, '2020-06-23', '08:00:00', null, 'NOVA'),
(21, 1, 3, 2, 4276, '2020-07-01', '08:00:00', null, 'NOVA');

INSERT INTO lista (id_paciente, id_viagem, consulta_local, compareceu, acompanhante_rg, acompanhante_nome) VALUES
(1, 18, 'Hospital A', 'SIM', null, null),
(2, 18, 'Hospital B', 'SIM', null, null),
(4, 18, 'Hospital A', 'SIM', null, null),
(7, 18, 'Hospital A', 'SIM', null, null),
(8, 18, 'Hospital B', 'SIM', 8888888888, 'João Moreira'),
(9, 18, 'Clínica X', 'SIM', 9999999999, 'Alberto da Silva'),
(20, 18, 'Clínica X', 'SIM', null, null),
(1, 17, 'Hospital A', 'SIM', null, null),
(2, 17, 'Hospital B', 'SIM', null, null),
(3, 17, 'Clínica X', 'NAO', null, null),
(1, 16, 'Hospital B', 'SIM', null, null),
(2, 16, 'Clínica X', 'SIM', null, null),
(20, 16, 'Hospital A', 'SIM', null, null),
(23, 15, 'Hospital B', 'SIM', null, null),
(14, 15, 'Clínica X', 'SIM', null, null),
(16, 15, 'Hospital A', 'SIM', null, null),
(15, 14, 'Hospital B', 'SIM', 8888888888, 'João Moreira'),
(1, 14, 'Clínica X', 'SIM', 9999999999, 'Alberto da Silva'),
(3, 14, 'Hospital A', 'SIM', null, null),
(2, 13, 'Hospital B', 'SIM', null, null),
(11, 13, 'Clínica X', 'SIM', null, null),
(13, 13, 'Hospital A', 'SIM', null, null),
(15, 12, 'Hospital B', 'PENDENTE', null, null),
(7, 12, 'Clínica X', 'PENDENTE', null, null),
(6, 12, 'Hospital A', 'PENDENTE', null, null),
(9, 11, 'Hospital B', 'PENDENTE', 8888888888, 'João Moreira'),
(21, 11, 'Clínica X', 'PENDENTE', 9999999999, 'Alberto da Silva'),
(17, 11, 'Hospital A', 'PENDENTE', null, null),
(6, 10, 'Hospital B', 'SIM', null, null),
(1, 10, 'Clínica X', 'SIM', null, null),
(2, 10, 'Hospital A', 'SIM', null, null),
(4, 9, 'Hospital B', 'NAO', null, null),
(2, 9, 'Clínica X', 'SIM', null, null),
(7, 9, 'Hospital A', 'SIM', null, null),
(10, 8, 'Hospital B', 'NAO', 8888888888, 'João Moreira'),
(14, 8, 'Clínica X', 'SIM', 9999999999, 'Alberto da Silva'),
(11, 8, 'Hospital B', 'SIM', null, null),
(19, 7, 'Clínica X', 'SIM', null, null),
(13, 7, 'Hospital A', 'SIM', null, null),
(11, 7, 'Hospital B', 'SIM', 8888888888, 'Maria da Silva'),
(9, 6, 'Clínica X', 'SIM', null, null),
(1, 6, 'Clínica X', 'SIM', null, null),
(2, 6, 'Hospital A', 'SIM', null, null),
(1, 5, 'Hospital B', 'SIM', 8888888888, 'Maria da Silva'),
(9, 5, 'Clínica X', 'SIM', 9999999999, 'João Pedroso'),
(25, 5, 'Clínica X', 'SIM', null, null),
(50, 4, 'Hospital A', 'SIM', null, null),
(34, 4, 'Hospital B', 'SIM', 8888888888, 'Maria da Silva'),
(28, 4, 'Clínica X', 'NAO', 9999999999, 'João Pedroso'),
(54, 3, 'Clínica X', 'SIM', null, null),
(30, 3, 'Hospital A', 'NAO', null, null),
(32, 3, 'Hospital B', 'SIM', null, null),
(3, 2, 'Clínica X', 'SIM', null, null),
(21, 2, 'Clínica X', 'SIM', null, null),
(20, 2, 'Hospital A', 'SIM', null, null),
(32, 1, 'Hospital B', 'NAO', null, null),
(4, 1, 'Clínica X', 'NAO', null, null);